книга	глава	стих	по стих	вид	что	что делать	чем проверено	состояние
Пс	114	9	9	empty	стих пуст в электронном тексте; его слова «Буду ходить пред лицем Господним на земле живых» стоят в конце Пс 114:8	ссылка на стих — ошибка проверки базы; факты на Пс 114:8–9 не опираются до решения совета и владельца о границе стиха; synodal.tsv не правится	весь файл (Д-база, Б-4); другая команда: eBible, CrossWire (Пс 114–115)	вопрос совету
Пс	114	8	8	merge	в стихе два предложения: второе («Буду ходить пред лицем Господним на земле живых») по eBible — стих 9 (KJV Ps 116:9); таблица нумерации ставит Пс 114:8 → Ps.116.8	цитату второго предложения не подписывать «Пс 114:8» без пометки; до решения совета факты на неё не опираются	весь файл (Д-база, Б-4); другая команда: eBible, CrossWire	вопрос совету
Притч	29	6	27	open-bracket	скобка «[него, …» не закрыта до конца главы (29:27 — конец главы, не книги)	учтено: brackets.tsv, вид damage; scriptureText закрывает скобку в конце главы, слова 29:6–27 — текст	совет: WLC	учтено
Нав	24	34	36	span-bracket	квадратная скобка на три стиха: Нав 24:35 целиком внутри скобки, в самом стихе знаков скобки нет	учтено: brackets.tsv, вид lxx — слова не основание факта; scriptureText даёт для 24:34 и 24:35 пустую строку	по признакам	учтено
Суд	20	27	28	span-bracket	квадратная скобка на два стиха	учтено: brackets.tsv, вид gloss — слова текст	совет: WLC	учтено
Пс	67	23	24	span-bracket	квадратная скобка на два стиха	учтено: brackets.tsv, вид damage; сверено только по KJV	R10: по KJV	учтено
Притч	4	28	29	span-bracket	квадратная скобка на два стиха	учтено: brackets.tsv, вид lxx — слова не основание факта	по признакам	учтено
Рим	2	13	15	span-bracket	круглая скобка на три стиха	учтено: brackets.tsv, вид gloss — слова текст	R10: TR	учтено
Рим	9	11	12	span-bracket	круглая скобка на два стиха	учтено: brackets.tsv, вид gloss — слова текст	R10: TR	учтено
Притч	30	31	31	bracket-shape	у нас скобка квадратная «[предводитель стада,]»; другая команда по печати 1876 видит круглую	только вопрос: synodal.tsv и brackets.tsv не правятся до сверки с печатью 1876	другая команда (печать 1876); у нас не сверено	вопрос
